kind,part,chapter,title,start_global_page,source_pdf,start_pdf_page
chapter,上篇,第一章,2027 年中医考研全流程及考试相关说明,1,27学霸笔记—中医基础理论.pdf,9
chapter,上篇,第二章,专硕与学硕的区别,2,27学霸笔记—中医基础理论.pdf,10
chapter,上篇,第三章,307 临床医学综合能力（中医）,4,27学霸笔记—中医基础理论.pdf,12
chapter,上篇,第四章,2026 年中综总结与 2027 年中医考研备考建议,7,27学霸笔记—中医基础理论.pdf,15
part,第一部分,,中医基础理论,9,27学霸笔记—中医基础理论.pdf,17
chapter,第一部分,第一章,绪论,9,27学霸笔记—中医基础理论.pdf,17
chapter,第一部分,第二章,中医哲学基础,14,27学霸笔记—中医基础理论.pdf,22
chapter,第一部分,第三章,藏象,23,27学霸笔记—中医基础理论.pdf,31
chapter,第一部分,第四章,精、气、血、津液、神,42,27学霸笔记—中医基础理论.pdf,50
chapter,第一部分,第五章,经络,51,27学霸笔记—中医基础理论.pdf,59
chapter,第一部分,第六章,体质,62,27学霸笔记—中医基础理论.pdf,70
chapter,第一部分,第七章,病因与发病,63,27学霸笔记—中医基础理论.pdf,71
chapter,第一部分,第八章,病机,75,27学霸笔记—中医基础理论.pdf,83
chapter,第一部分,第九章,养生与防治原则,94,27学霸笔记—中医基础理论.pdf,102
part,第二部分,,中医诊断学,105,27学霸笔记—中医诊断学.pdf,1
chapter,第二部分,第一章,绪论,105,27学霸笔记—中医诊断学.pdf,1
chapter,第二部分,第二章,望诊,107,27学霸笔记—中医诊断学.pdf,3
chapter,第二部分,第三章,闻诊,139,27学霸笔记—中医诊断学.pdf,35
chapter,第二部分,第四章,问诊,144,27学霸笔记—中医诊断学.pdf,40
chapter,第二部分,第五章,切诊,166,27学霸笔记—中医诊断学.pdf,62
chapter,第二部分,第六章,八纲辨证,177,27学霸笔记—中医诊断学.pdf,73
chapter,第二部分,第七章,病因辨证,186,27学霸笔记—中医诊断学.pdf,82
chapter,第二部分,第八章,气血津液辨证,187,27学霸笔记—中医诊断学.pdf,83
chapter,第二部分,第九章,脏腑辨证,192,27学霸笔记—中医诊断学.pdf,88
chapter,第二部分,第十章,其他辨证方法,210,27学霸笔记—中医诊断学.pdf,106
part,第三部分,,中药学,215,27学霸笔记—中药学.pdf,1
chapter,第三部分,第一章,中药学的起源与中药学的发展,215,27学霸笔记—中药学.pdf,1
chapter,第三部分,第二章,中药的产地与采集,217,27学霸笔记—中药学.pdf,3
chapter,第三部分,第三章,药性理论,222,27学霸笔记—中药学.pdf,8
chapter,第三部分,第四章,中药的配伍,225,27学霸笔记—中药学.pdf,11
chapter,第三部分,第五章,各类药物总论,230,27学霸笔记—中药学.pdf,16
chapter,第三部分,第六章,解表药,242,27学霸笔记—中药学.pdf,28
chapter,第三部分,第七章,清热药,246,27学霸笔记—中药学.pdf,32
chapter,第三部分,第八章,泻下药,255,27学霸笔记—中药学.pdf,41
chapter,第三部分,第九章,祛风湿药,257,27学霸笔记—中药学.pdf,43
chapter,第三部分,第十章,化湿药,260,27学霸笔记—中药学.pdf,46
chapter,第三部分,第十一章,利水渗湿药,261,27学霸笔记—中药学.pdf,47
chapter,第三部分,第十二章,温里药,264,27学霸笔记—中药学.pdf,50
chapter,第三部分,第十三章,理气药,266,27学霸笔记—中药学.pdf,52
chapter,第三部分,第十四章,消食药,268,27学霸笔记—中药学.pdf,54
chapter,第三部分,第十五章,驱虫药,269,27学霸笔记—中药学.pdf,55
chapter,第三部分,第十六章,止血药,270,27学霸笔记—中药学.pdf,56
chapter,第三部分,第十七章,活血化瘀药,273,27学霸笔记—中药学.pdf,59
chapter,第三部分,第十八章,化痰止咳平喘药,279,27学霸笔记—中药学.pdf,65
chapter,第三部分,第十九章,安神药,283,27学霸笔记—中药学.pdf,69
chapter,第三部分,第二十章,平肝息风药,285,27学霸笔记—中药学.pdf,71
chapter,第三部分,第二十一章,开窍药,288,27学霸笔记—中药学.pdf,74
chapter,第三部分,第二十二章,补益药,289,27学霸笔记—中药学.pdf,75
chapter,第三部分,第二十三章,收涩药,297,27学霸笔记—中药学.pdf,83
chapter,第三部分,第二十四章,涌吐药,300,27学霸笔记—中药学.pdf,86
chapter,第三部分,第二十五章,攻毒杀虫止痒药,301,27学霸笔记—中药学.pdf,87
chapter,第三部分,第二十六章,拔毒化腐生肌药,302,27学霸笔记—中药学.pdf,88
part,第四部分,,方剂学,304,27学霸笔记—方剂学.pdf,1
chapter,第四部分,第一章,绪论,304,27学霸笔记—方剂学.pdf,1
chapter,第四部分,第二章,方剂与治法,305,27学霸笔记—方剂学.pdf,2
chapter,第四部分,第三章,方剂的分类,307,27学霸笔记—方剂学.pdf,4
chapter,第四部分,第四章,方剂与药物的联系与区别,309,27学霸笔记—方剂学.pdf,6
chapter,第四部分,第五章,方剂的组成,309,27学霸笔记—方剂学.pdf,6
chapter,第四部分,第六章,方剂变化,310,27学霸笔记—方剂学.pdf,7
chapter,第四部分,第七章,剂型,311,27学霸笔记—方剂学.pdf,8
chapter,第四部分,第八章,各类方剂,312,27学霸笔记—方剂学.pdf,9
chapter,第四部分,第九章,解表剂,342,27学霸笔记—方剂学.pdf,39
chapter,第四部分,第十章,泻下剂,352,27学霸笔记—方剂学.pdf,49
chapter,第四部分,第十一章,和解剂,358,27学霸笔记—方剂学.pdf,55
chapter,第四部分,第十二章,清热剂,363,27学霸笔记—方剂学.pdf,60
chapter,第四部分,第十三章,祛暑剂,376,27学霸笔记—方剂学.pdf,73
chapter,第四部分,第十四章,温里剂,379,27学霸笔记—方剂学.pdf,76
chapter,第四部分,第十五章,表里双解剂,384,27学霸笔记—方剂学.pdf,81
chapter,第四部分,第十六章,补益剂,387,27学霸笔记—方剂学.pdf,84
chapter,第四部分,第十七章,安神剂,400,27学霸笔记—方剂学.pdf,97
chapter,第四部分,第十八章,开窍剂,404,27学霸笔记—方剂学.pdf,101
chapter,第四部分,第十九章,固涩剂,406,27学霸笔记—方剂学.pdf,103
chapter,第四部分,第二十章,理气剂,410,27学霸笔记—方剂学.pdf,107
chapter,第四部分,第二十一章,理血剂,418,27学霸笔记—方剂学.pdf,115
chapter,第四部分,第二十二章,治风剂,426,27学霸笔记—方剂学.pdf,123
chapter,第四部分,第二十三章,治燥剂,431,27学霸笔记—方剂学.pdf,128
chapter,第四部分,第二十四章,祛湿剂,436,27学霸笔记—方剂学.pdf,133
chapter,第四部分,第二十五章,祛痰剂,446,27学霸笔记—方剂学.pdf,143
chapter,第四部分,第二十六章,消导化积剂,453,27学霸笔记—方剂学.pdf,150
chapter,第四部分,第二十七章,驱虫剂,456,27学霸笔记—方剂学.pdf,153
chapter,第四部分,第二十八章,其他,457,27学霸笔记—方剂学.pdf,154
appendix,第四部分,附录一,方剂部分内容历年真题考查点汇总,459,27学霸笔记—方剂学.pdf,156
appendix,第四部分,附录二,同名方,462,27学霸笔记—方剂学.pdf,159
appendix,第四部分,附录三,方剂简表,463,27学霸笔记—方剂学.pdf,160
part,第五部分,,中医内科学,464,27学霸笔记—中医内科学.pdf,1
section,第五部分,,中医内科学病证法方总结,464,27学霸笔记—中医内科学.pdf,1
section,第五部分,,各病历史沿革,478,27学霸笔记—中医内科学.pdf,15
chapter,第五部分,第一章,肺系病证,487,27学霸笔记—中医内科学.pdf,24
chapter,第五部分,第二章,心系病证,502,27学霸笔记—中医内科学.pdf,39
chapter,第五部分,第三章,脑系病证,510,27学霸笔记—中医内科学.pdf,47
chapter,第五部分,第四章,脾胃系病证,525,27学霸笔记—中医内科学.pdf,62
chapter,第五部分,第五章,肝胆系病证,544,27学霸笔记—中医内科学.pdf,81
chapter,第五部分,第六章,肾系病证,556,27学霸笔记—中医内科学.pdf,93
chapter,第五部分,第七章,气血津液病证,567,27学霸笔记—中医内科学.pdf,104
chapter,第五部分,第八章,肢体经络病证,589,27学霸笔记—中医内科学.pdf,126
appendix,第五部分,附录一,比较鉴别,598,27学霸笔记—中医内科学.pdf,135
appendix,第五部分,附录二,病证转化联系,612,27学霸笔记—中医内科学.pdf,149
appendix,第五部分,附录三,医著论述,616,27学霸笔记—中医内科学.pdf,153
appendix,第五部分,附录四,中内歌诀,618,27学霸笔记—中医内科学.pdf,155
appendix,第五部分,附录五,中医内科证型小结,623,27学霸笔记—中医内科学.pdf,160
part,第六部分,,针灸学,626,27学霸笔记—针灸与人文.pdf,1
chapter,第六部分,第一章,腧穴总论,626,27学霸笔记—针灸与人文.pdf,1
chapter,第六部分,第二章,经络腧穴各论,631,27学霸笔记—针灸与人文.pdf,6
chapter,第六部分,第三章,刺灸法,656,27学霸笔记—针灸与人文.pdf,31
chapter,第六部分,第四章,针灸治疗,674,27学霸笔记—针灸与人文.pdf,49
part,第七部分,,临床医学人文精神,720,27学霸笔记—针灸与人文.pdf,95
chapter,第七部分,第一章,医学职业素养,720,27学霸笔记—针灸与人文.pdf,95
chapter,第七部分,第二章,医患关系,725,27学霸笔记—针灸与人文.pdf,100
chapter,第七部分,第三章,临床伦理,732,27学霸笔记—针灸与人文.pdf,107
chapter,第七部分,第四章,卫生法律法规,736,27学霸笔记—针灸与人文.pdf,111
